candidate_id,nama,klaster,nearest_node,dist_to_node_m,lon,lat,nearest_node_sumber,dist_to_node_m_sumber
0,Kantor Kelurahan Cigadung,C_Kantor,6956529093,9.868495632884429,107.6252502117726,-6.8798411776607065,6956529093,9.868495632884429
1,PT ASABRI,C_Kantor,25450505,10.483988384456286,107.6218761,-6.905138524000004,25450505,10.483988384456286
2,Pos Bandung Sumbersari Indah,C_Kantor,3445438920,11.657222936799442,107.573047,-6.934057999999996,3445438920,11.657222936799442
3,Kantor Kelurahan Sukahaji,C_Kantor,5348511619,13.160529482992729,107.58235530299788,-6.933527058129889,5348511619,13.160529482992729
4,PT Pertamina Bandung,C_Kantor,9340090484,13.719956062566782,107.6944991,-6.9367126230000045,9340090484,13.719956062566782
5,Kantor Kelurahan Kebon Gedang,C_Kantor,1667730842,13.854660358739194,107.64252926801409,-6.924394866974056,1667730842,13.854660358739194
6,Kantor Kelurahan Balonggede,C_Kantor,1783568652,14.030047229802689,107.60809282582404,-6.923923795230055,1783568652,14.030047229802689
7,Pertamina,A_SPBU,1982778316,14.573802854096346,107.6117403,-6.954875700000006,1982778316,14.573802854096346
8,Kantor Kelurahan Pasteur,C_Kantor,10174541821,15.784850395332295,107.60190471181784,-6.891251631798032,10174541821,15.784850395332295
9,Kantor Kelurahan Babakan,C_Kantor,12342798717,16.011895510495094,107.5783130346652,-6.92822290160816,12342798717,16.011895510495094
10,Kantor Kelurahan Samoja,C_Kantor,1667722604,16.32054805817731,107.6264144630201,-6.920923673222156,1667722604,16.320548058407635
11,Pertamina,A_SPBU,11041650667,16.39314855807309,107.6316811,-6.925706782000007,11041650667,16.39314855807309
12,GH Universal Hotel,D_Hotel,305868946,16.679737174731113,107.5984922,-6.849308500000004,305868946,16.679737174745927
13,Kantor Kelurahan Babakan Asih,C_Kantor,12443028896,17.448692453416058,107.59445007249629,-6.934587655721766,12443028896,17.448692453416058
14,Pos Bandung Antapani,C_Kantor,4155817862,17.741396961811063,107.656957,-6.915840999999992,4155817862,17.741396961811063
15,Perum Pembangunan Perumahan Nasional (Perumnas),C_Kantor,1382551353,18.056954387143023,107.631878,-6.897732595000004,1382551353,18.056954387143023
16,Kantor Kelurahan Sarijadi,C_Kantor,29357435,19.333662820724967,107.58063320000063,-6.87155870000085,29357435,19.333662820724967
17,RS Ibu & Anak Al-Islam,E_RumahSakit,1849960436,19.40000962641167,107.63883591642583,-6.909233000409598,1849960436,19.4000096260078
18,Kantor Kecamatan Coblong,C_Kantor,1709858093,19.628340576974466,107.6110980582702,-6.883288522276818,1709858093,19.628340576974463
19,Kantor Kelurahan Cibuntu,C_Kantor,5495699609,19.83520416803774,107.57310905527882,-6.918003183084254,5495699609,19.83520416803774
20,Kantor Kelurahan Maleer,C_Kantor,1438388885,20.38626230486424,107.63978282188346,-6.926929237151722,1438388885,20.38626230486424
21,Perum DAMRI,C_Kantor,1014722882,20.412656290785595,107.602854,-6.912466075999994,1014722882,20.412656290785595
22,Pertamina,A_SPBU,11520711531,20.414726120242214,107.6070315,-6.904366663999994,11520711531,20.41472612024221
23,RSIA Harapan Bunda,E_RumahSakit,2255721306,20.774648940277842,107.6621101500848,-6.955948268763473,2255721306,20.774648938299823
24,Kantor Kelurahan Cijagra,C_Kantor,3115110108,20.834505078635804,107.62625895276898,-6.9449054323574,3115110108,20.834505078635804
25,Kantor Kelurahan Pelindung Hewan,C_Kantor,1014721714,21.789967311363654,107.60450601593053,-6.939533946040091,1014721714,21.78996731136365
26,Pertamina,A_SPBU,5348142890,22.169700581911975,107.5840572,-6.918594399999997,5348142890,22.16970058191197
27,Kantor Kelurahan Ciumbuleuit,C_Kantor,3029500133,22.17858906221037,107.60476497440354,-6.866450692077782,3029500133,22.17858906221037
28,Kantor Kelurahan Karasak,C_Kantor,5353902675,22.2869067216235,107.60763373347936,-6.950679516886582,5353902675,22.2869067216235
29,Pertamina,A_SPBU,6443221336,22.899220936253997,107.6103198,-6.936348496000002,6443221336,22.899220936254
30,Kantor Kecamatan Cibeunying Kaler,C_Kantor,9751023796,22.993696722584147,107.62645364698392,-6.885829995645017,9751023796,22.993696722584147
31,Kantor Kelurahan Kebon Pisang,C_Kantor,12617768046,23.404623457065647,107.6188319,-6.918744499999993,12617768046,23.404623457065647
32,Kantor Kelurahan Ledeng,C_Kantor,1712437451,25.18912363243563,107.59939943617816,-6.863010077784493,1712437451,25.18912363243563
33,Braga Citywalk,B_Mall,5358212387,25.620474808893956,107.6084817,-6.917048600000008,5358212387,25.62047480889396
34,Kecamatan Sukasari,C_Kantor,8414582513,25.679476503156685,107.58257080000249,-6.86896710001661,8414582513,25.679476503156685
35,Pertamina,A_SPBU,6411468691,25.798675735335717,107.6379847,-6.952285799999998,6411468691,25.79867573533572
36,Pertamina,A_SPBU,3472154933,26.252684285558907,107.6387437,-6.960592204000004,3472154933,26.252684285558907
37,PT Sarinah,C_Kantor,25435344,26.253372990602305,107.6092284,-6.9197399969999935,25435344,26.253372990602305
38,Pertamina,A_SPBU,29358830,26.295943310996144,107.6020333,-6.887683700000003,29358830,26.295943310996144
39,Kantor Kelurahan Panyileukan,C_Kantor,3934441491,26.746201590071507,107.71451453556784,-6.945782431878561,3934441491,26.746201590071507
40,Dinas Koperasi UKM Kota Bandung,C_Kantor,3675493857,26.79371972162492,107.66362439511308,-6.937945575023297,3675493857,26.79371972162492
41,Pertamina,A_SPBU,5865112018,26.97251702262663,107.6650947,-6.904171499999996,5865112018,26.97251702262663
42,Kantor Kelurahan Maleber,C_Kantor,5504550147,27.24529891465051,107.5735059712468,-6.907446184766596,5504550147,27.24529891465051
43,Pos Bandung Ciwastra,C_Kantor,5458662121,27.42248917066558,107.657319,-6.957874000000007,5458662121,27.42248917066558
44,PT INTI,C_Kantor,10174374459,27.640574646312785,107.6072515,-6.937859737999998,10174374459,27.64057464641822
45,Dinas Pariwisata Dan Kebudayaan Provinsi Jawa Barat,C_Kantor,5865246383,27.750370548056814,107.62933706756196,-6.913349894344743,5865246383,27.75037054805681
46,RSIA Graha Bunda,E_RumahSakit,5392239472,27.831967148882356,107.64551635877568,-6.913087944262211,5392239472,27.831967150141683
47,Pertamina,A_SPBU,3807746818,28.22197593150114,107.6208132,-6.868986400000007,3807746818,28.22197593150114
48,Kelurahan Sukasari,C_Kantor,5458127250,28.245949419345482,107.58261499399092,-6.86829584790562,5458127250,28.24594941934548
49,Pertamina,A_SPBU,5397823036,28.47713836016645,107.6423171,-6.94293914999999,5397823036,28.47713836016645
50,Pos Ujungberung Alun-Alun,C_Kantor,634440496,28.855543969768046,107.701846,-6.913186000000006,634440496,28.855543969768046
51,Pertamina,A_SPBU,5353648470,28.90474878809089,107.677419,-6.9402950499999925,5353648470,28.904748788013126
52,Pos Bandung Babakan Ciparay,C_Kantor,1911634982,29.17487505365089,107.578454,-6.926632999999996,1911634982,29.17487505365089
53,Pertamina,A_SPBU,3278023502,29.384387474520437,107.644464,-6.918377599999997,3278023502,29.38438747452044
54,KESBANGPOL (BADAN KESATUAN BANGSA DAN POITIK) JAWA BARAT,C_Kantor,2519917312,29.471465771516588,107.6324182,-6.909915399999999,2519917312,29.471465771516588
55,Pertamina,A_SPBU,1658426557,29.557033896383075,107.5813635,-6.882700274999993,1658426557,29.557033896383075
56,Pertamina,A_SPBU,3110236069,29.608922422196798,107.6168083,-6.938256755000007,3110236069,29.6089224221968
57,PT Barata Indonesia,C_Kantor,5474691885,29.6725697760432,107.6433954,-6.895405582999994,5474691885,29.6725697760432
58,Pertamina,A_SPBU,9336898538,29.742287347086585,107.6951878,-6.913801600000001,9336898538,29.742287347086585
59,Pertamina,A_SPBU,3277378563,29.777133780928732,107.6184175,-6.916540100000005,3277378563,29.77713378092873
60,Kantor Kelurahan Warung Muncang,C_Kantor,13752433380,30.153261952305108,107.5770452532136,-6.925115002097339,13752433380,30.153261952305108
61,Pertamina,A_SPBU,3272299574,30.22453443562041,107.625816,-6.9492397,3272299574,30.22453443562041
62,Kantor Kecamatan Bojongloa Kaler,C_Kantor,5355737900,30.95590388178768,107.59366238538227,-6.938753681637051,5355737900,30.95590388178768
63,Pertamina,A_SPBU,9763831989,30.979349838384596,107.5892089,-6.895099549999999,9763831989,30.9793498383846
64,"Balai Besar Logam dan Mesin, Metal Industries Development Center - MIDC, Kementerian Perindustrian",C_Kantor,8418368556,31.2161545312465,107.60988470000534,-6.88042595000861,8418368556,31.2161545312465
65,Badan Pengawas Pemilu,C_Kantor,9684418896,31.259699323324973,107.635258,-6.9313309,9684418896,31.259699323324973
66,Rumah Sakit Rizky Bersalin,E_RumahSakit,5465992636,31.38953568722047,107.6196519,-6.8886552000000085,5465992636,31.38953568722047
67,Pertamina,A_SPBU,5395278919,31.46907469128951,107.6440384,-6.922388900000001,5395278919,31.46907469128951
68,Pengadilan Tinggi Jawa Barat,C_Kantor,3271908170,31.636968404265453,107.6492573,-6.903114599999994,3271908170,31.636968404265453
69,Kecamatan Bojongloa Kidul,C_Kantor,3110065033,32.15126706492637,107.59734092802984,-6.941213432125894,3110065033,32.15126706492637
70,PT PPRO BIJB Aerocity Development,C_Kantor,13752166046,32.2014016663127,107.6395416,-6.946160091999997,13752166046,32.2014016663127
71,Kantor Kecamatan Sumur Bandung,C_Kantor,1857128509,32.2686418166962,107.6180032999976,-6.913336150004002,1857128509,32.2686418166962
72,SPBU Pertamina,A_SPBU,5355891555,32.28767984121709,107.6037513,-6.930293622000002,5355891555,32.28767984121709
73,Pertamina,A_SPBU,2493836067,33.149404233272975,107.6343231,-6.899731599999999,2493836067,33.149404233272975
74,Kantor Kecamatan Rancasari,C_Kantor,9662001149,33.386167143129875,107.67499878464136,-6.948008786203475,9662001149,33.386167143129875
75,Pertamina,A_SPBU,2477162528,34.18399501152002,107.6419203,-6.8992840999999965,2477162528,34.18399501152002
76,PT Asuransi Jasa Indonesia (Jasindo),C_Kantor,364365279,34.19767450402814,107.6087831,-6.909341323999994,364365279,34.19767450402814
77,RS Muhammadiyah Bandung,E_RumahSakit,1778148701,34.222949809553214,107.62344456409184,-6.933342907445049,1778148701,34.222949810775646
78,Pertamina,A_SPBU,3357368464,34.24484815915165,107.6256199,-6.891057600000002,3357368464,34.24484815915165
79,Pertamina,A_SPBU,5465992888,34.38972176805933,107.6165886,-6.890806120999996,5465992888,34.38972176805933
80,Pertamina,A_SPBU,29358935,34.532038925134714,107.5987095,-6.880604300000002,29358935,34.532038925134714
81,Perum Pegadaian,C_Kantor,5853175160,35.19782518449995,107.6092465,-6.928001483999996,5853175160,35.19782518449995
82,Pengadilan Agama Bandung,C_Kantor,8410718959,35.20681641007,107.6565229,-6.912937700000003,8410718959,35.20681641007
83,Pertamina,A_SPBU,7205262601,35.32245189614386,107.6517728,-6.913621699999996,7205262601,35.32245189614386
84,Kantor Kelurahan Turangga,C_Kantor,3068325990,35.391295028626566,107.63126505891852,-6.939518698310659,3068325990,35.391295028626566
85,Kantor Kelurahan Lebak Siliwangi,C_Kantor,29359106,35.53556979101036,107.61108884923154,-6.884925432952644,29359106,35.53556979101036
86,Dinas Pemuda dan Olahraga Jawa Barat,C_Kantor,5346041425,35.79935011653515,107.67443716585466,-6.909869335322367,5346041425,35.79935011674928
87,PT Len Industri,C_Kantor,5348770388,35.805183949377444,107.61944,-6.949371442999997,5348770388,35.805183949377444
88,Kantor Kelurahan Binong,C_Kantor,1667742891,35.91227074869061,107.64016606065988,-6.943083410461749,1667742891,35.91227074869061
89,Kelurahan Batununggal,C_Kantor,3115195444,35.93948135937325,107.63797848826316,-6.952950464895392,3115195444,35.93948135937325
90,Rumah Sakit Jiwa Hurip Waluya,E_RumahSakit,29356970,36.11849255756389,107.5941316,-6.883594599999997,29356970,36.11849255756389
91,voco Bandung Setiabudi,D_Hotel,1676078410,36.12753913706586,107.593327,-6.867029999999991,1676078410,36.12753913706586
92,Pos Bandung Turangga,C_Kantor,5397823119,36.221525875421385,107.637254,-6.935163999999999,5397823119,36.221525875421385
93,Pertamina,A_SPBU,11369618809,36.53964527268803,107.5858523,-6.907004799999999,11369618809,36.53964527268803
94,PT Bank Rakyat Indonesia (BRI),C_Kantor,5852700917,36.60072368753901,107.6073717,-6.920887843000002,5852700917,36.60072368753901
95,Pertamina,A_SPBU,10154700107,36.65008250214353,107.6339003,-6.913408788000005,10154700107,36.65008250214353
96,DINAS PERTANAHAN KOTA BANDUNG,C_Kantor,1781968754,36.890716323533,107.6573086,-6.940720700000006,1781968754,36.890716323533
97,Pertamina,A_SPBU,6637726062,36.98592148421428,107.6271612,-6.899144349999997,6637726062,36.98592148421428
98,Pertamina,A_SPBU,5648631891,37.44838034602262,107.5708193,-6.914150699999995,5648631891,37.44838034602262
99,Pertamina,A_SPBU,5458737558,37.98496530693472,107.5816606,-6.889067300000006,5458737558,37.98496530693472
100,Dinas Perumahan dan Kawasan Permukiman Kota Bandung,C_Kantor,8763398208,38.01199507802137,107.58293586428564,-6.945781149450977,8763398208,38.01199507802137
101,Pertamina,A_SPBU,11107827260,38.829120826053675,107.6119467,-6.919876054999991,11107827260,38.82912082605368
102,Pertamina,A_SPBU,5460962109,39.64680928088361,107.6814323,-6.9669124000000044,5460962109,39.64680928088361
103,Dinas Kependudukan Dan Pencatatan Sipil Kota Bandung,C_Kantor,7669230599,39.704840299946724,107.61384809998364,-6.908598000004534,7669230599,39.70484029994672
104,Dinas Peternakan Jawa Barat,C_Kantor,3441810315,39.9721493152719,107.61856049694954,-6.876373462972376,3441810315,39.9721493152719
105,PT Pindad,C_Kantor,7178742990,40.02598433282226,107.64717310000002,-6.936094087000007,7178742990,40.02598433142666
106,Dinas Perhubungan Provinsi Jawa Barat,C_Kantor,5392237758,40.23672456815336,107.63219438098884,-6.917824639595896,5392237758,40.23672456815336
107,Badan Pengelola Keuangan dan Aset Daerah,C_Kantor,5406559531,40.31334465419364,107.66148030029316,-6.9336307095302825,5406559531,40.31334465419364
108,Kantor Kecamatan Bandung Kidul,C_Kantor,8775982573,40.329819565413025,107.63650812814907,-6.958964956683559,8775982573,40.32981956541303
109,Plaza Parahyangan,B_Mall,7856163872,40.493241997202475,107.6060515,-6.922630413999992,7856163872,40.4932419972828
110,Rumah Sakit Murni Teguh,E_RumahSakit,9664654207,40.50123832973445,107.6160414208373,-6.9204665263019045,9664654207,40.50123832973445
111,Kantor Kelurahan Cipaganti,C_Kantor,5463301993,41.421783295136954,107.60301645001732,-6.886872800032541,5463301993,41.42178329513696
112,Pos Logistik Bandung,C_Kantor,2520649249,41.697544403823784,107.6348515,-6.914849439999999,2520649249,41.69754440382378
113,Sheraton Bandung Hotel & Towers,D_Hotel,1662376943,41.760755218123236,107.6195436,-6.874398799999999,1662376943,41.76075521812324
114,PT Bank Tabungan Negara (BTN),C_Kantor,1849525810,41.84355584295395,107.6136089,-6.913641054000005,1849525810,41.84355584295395
115,Pos LE Imigrasi Bandung,C_Kantor,9602185396,41.990864732832286,107.63159400000002,-6.899006999999996,9602185396,41.9908647314904
116,Pertamina,A_SPBU,8418013648,42.279603147776776,107.62787120000002,-6.923452329000005,8418013648,42.27960314759224
117,SPBU Pertamina,A_SPBU,11800741164,42.38519506942794,107.5970165,-6.898091153999993,11800741164,42.38519506942794
118,PT Jasa Marga,C_Kantor,6425732201,42.592158944124584,107.5735702,-6.883841984000005,6425732201,42.59215894412458
119,Pertamina,A_SPBU,13860271950,43.11276980019722,107.5776794,-6.929581600000003,13860271950,43.11276980019722
120,Pertamina,A_SPBU,9771195730,43.3814878669495,107.6411686,-6.918324431999994,9771195730,43.3814878669495
121,Pos Ujungberung Arcamanik,C_Kantor,3272718018,43.8040577581344,107.676936,-6.938249999999994,3272718018,43.8040577581344
122,Dinas Kesehatan Jawa Barat,C_Kantor,7111571825,43.92534267350913,107.6007320361924,-6.900573844732723,7111571825,43.92534267350913
123,Pertamina,A_SPBU,5360254236,44.29563965161989,107.6178229,-6.937694648000008,5360254236,44.29563965161989
124,RS Melinda 1,E_RumahSakit,5850766216,44.373954780202155,107.6032916861875,-6.906718921706164,5850766216,44.37395478020216
125,Kejaksaan Tinggi Jawa Barat,C_Kantor,2520649152,44.37883576406943,107.61942808630558,-6.906173120276974,2520649152,44.37883576406943
126,Dinas Pendidikan Kota Bandung,C_Kantor,5391666898,46.032264775557664,107.6289609,-6.915882700000004,5391666898,46.032264775557664
127,Dinas Perkebunan Jawa Barat,C_Kantor,32524370,46.1003121703128,107.621803680275,-6.898844264388947,32524370,46.1003121703128
128,Kantor Kecamatan Lengkong,C_Kantor,2607816746,46.33382698438489,107.622761834704,-6.92834112005956,2607816746,46.33382698438489
129,Rumah Sakit Ibu Anak Limijati,E_RumahSakit,2520649160,46.364414668437824,107.61362119849234,-6.90616144103778,2520649160,46.364414668437824
130,Rumah Sakit Kartini Bandung,E_RumahSakit,5474692069,47.1472417130055,107.6345985,-6.897237399999999,5474692069,47.1472417130055
131,Pertamina,A_SPBU,3847863679,47.28022966178815,107.5629203,-6.891755093000002,3847863679,47.28022966178815
132,Pertamina,A_SPBU,5460792486,48.04250089244274,107.655379,-6.956250934000008,5460792486,48.04250089244274
133,Kantor Kelurahan Dago,C_Kantor,5463827263,48.32577748105863,107.61596464571782,-6.879407320485664,5463827263,48.32577748105863
134,Pertamina,A_SPBU,1849960732,48.34259390395151,107.6370205,-6.9121984,1849960732,48.34259390395151
135,Kantor Kecamatan Bandung Wetan,C_Kantor,9767043233,48.386197005234806,107.6093903627539,-6.897220425430707,9767043233,48.386197005234806
136,Pos Ujungberung,C_Kantor,5354200760,48.501666300684114,107.694531,-6.913103,5354200760,48.501666300684114
137,Balubur Town Square,B_Mall,1658919945,49.18769092348324,107.6085199,-6.898757141999996,1658919945,49.18769092348324
138,Pertamina,A_SPBU,5394983543,49.33365614447218,107.6589018,-6.913648299999998,5394983543,49.33365614447218
139,Living Plaza,B_Mall,11138593909,49.89545357320765,107.5978357,-6.906023654999999,11138593909,49.89545357320765
140,Aryaduta Bandung,D_Hotel,5358106596,49.9726197674836,107.61183,-6.909371300000004,5358106596,49.9726197674836
141,PT Perusahaan Gas Negara Rayon Bandung,C_Kantor,5332863044,50.39155879724388,107.64015790000002,-6.919019331000001,5332863044,50.39155879726989
142,RSAU Dr Salamun,E_RumahSakit,319706490,50.889451738910495,107.6048127,-6.8643150999999945,319706490,50.889451738910495
143,Dinas Perindustrian dan Perdagangan Provinsi Jawa Barat,C_Kantor,1849525946,50.97765986053769,107.6144820261274,-6.922230643757093,1849525946,50.97765986053769
144,Kantor Wilayah Kementerian Hukum Dan HAM Jawa Barat,C_Kantor,5332863127,51.02417988647425,107.63823557994392,-6.914153781433017,5332863127,51.02417988647425
145,Pertamina,A_SPBU,4620173045,51.43543053988797,107.6734695,-6.904544400000008,4620173045,51.43543053988797
146,Pengadilan Tinggi Negeri Bandung,C_Kantor,5332863125,51.55708034145294,107.64078422932766,-6.914405931688927,5332863125,51.55708034145294
147,Kantor Pos Bandung (Asia Afrika),C_Kantor,3256092261,51.897622236073495,107.6062198,-6.920675732000008,3256092261,51.897622236073495
148,Sekretariat Daerah Jawa Barat,C_Kantor,10173705729,51.994155092809784,107.61739144581456,-6.902610797691014,10173705729,51.99415509280978
149,Bappeda Provinsi Jawa Barat,C_Kantor,5463827264,52.29106391249893,107.6163212695495,-6.878223992439956,5463827264,52.29106391249893
150,RSKB Halmahera Siaga,E_RumahSakit,2520649156,52.584524231746975,107.61570679862947,-6.906701246299,2520649156,52.58452423286319
151,Kantor Kelurahan Sukapura Bandung,C_Kantor,1667532271,52.65845198053002,107.6497992079158,-6.929289499601149,1667532271,52.65845198053002
152,Dinas Pendidikan Provinsi Jawa Barat,C_Kantor,4504608692,52.86231186261779,107.59992425023508,-6.904420392290202,4504608692,52.86231186261779
153,Dinas Kesehatan Kota Bandung,C_Kantor,10173705736,53.4961867813213,107.62584346538112,-6.901489193945583,10173705736,53.4961867813213
154,Dinas Tanaman Pangan dan Hortikultura Jawa Barat,C_Kantor,9750802207,55.6294609774259,107.62284012554063,-6.898885751918467,9750802207,55.6294609774259
155,Santosa Hospital,E_RumahSakit,13048394328,55.75925008046191,107.58643068299612,-6.952701144179641,13048394328,55.75925008046191
156,Rumah Sakit Humana Prima,E_RumahSakit,5406559043,56.159049734844345,107.66423657898436,-6.940879573410929,5406559043,56.159049734844345
157,RS Bhayangkara TK. II Sartika Asih Bandung,E_RumahSakit,5490552899,56.46386174915243,107.6126776464382,-6.956689817569175,5490552899,56.46386175051549
158,PT Adhi Karya,C_Kantor,1855697095,56.645469578214545,107.6247716,-6.904185618999994,1855697095,56.64546957821455
159,Rumah Sakit Bungsu,E_RumahSakit,1849526016,56.98320146007483,107.61329043279352,-6.918613280327423,1849526016,56.98320146007483
160,PT Sucofindo,C_Kantor,5348638990,57.002671118997945,107.5851824,-6.943031091000001,5348638990,57.002671118997945
161,Dinas Perpustakaan dan Kearsipan Daerah,C_Kantor,7693964469,58.09932584075444,107.66299167649566,-6.934444690133399,7693964469,58.09932584075444
162,Pertamina,A_SPBU,3272725789,58.31035581634349,107.6915056,-6.936788202999993,3272725789,58.31035581634349
163,Rumah Sakit Sariningsih,E_RumahSakit,12836407572,58.74380371733868,107.61113185313704,-6.9065803979286695,12836407572,58.74380371733868
164,Prama Grand Preanger,D_Hotel,3374033502,59.00818818422501,107.611654,-6.921343100000005,3374033502,59.00818818422501
165,Badan Kesehatan Olahraga Masyarakat Bandung,C_Kantor,5406559255,59.77378918379864,107.66000773276868,-6.936763750825282,5406559255,59.77378918379864
166,Pertamina,A_SPBU,7284403247,59.78226534823974,107.7006288,-6.936224300000005,7284403247,59.78226534823974
167,Dinas Pengelolaan Sumber Daya Air Provinsi Jawa Barat,C_Kantor,1664397987,60.26915904119257,107.60849984911202,-6.9141646369841805,1664397987,60.26915904119257
168,PD Kebersihan,C_Kantor,11364589669,60.43845631695107,107.6334687,-6.898277071999993,11364589669,60.43845631695107
169,Rumah Sakit Sukapura,E_RumahSakit,7648662947,60.69382304419465,107.6567933,-6.936124800000004,7648662947,60.69382304419465
170,PT PLN UID Jawa Barat,C_Kantor,25435365,61.14171539205423,107.6084149,-6.920844284000008,25435365,61.14171539205423
171,PT Bank Negara Indonesia (BNI),C_Kantor,2325452068,61.46092574014415,107.6074935,-6.913662695000004,2325452068,61.46092574013
172,Pertamina,A_SPBU,3380407826,61.614074177119456,107.6965992,-6.923894916999993,3380407826,61.614074177119456
173,Dinas Komunikasi Dan Informatika Provinsi Jawa Barat,C_Kantor,12805986402,61.67539494183729,107.60924270000656,-6.896431900004211,12805986402,61.67539494183729
174,RS Melinda 2,E_RumahSakit,2012498693,61.92837014332031,107.5982906100896,-6.90618725600251,2012498693,61.92837014332031
175,BPBD Prov Jabar Gedung B,C_Kantor,5406429295,62.278995501967486,107.64770305207902,-6.941971926158342,5406429295,62.278995501967486
176,PT Waskita Karya,C_Kantor,3277357457,62.70281812879493,107.6139913,-6.921399727000005,3277357457,62.70281812879493
177,Pertamina,A_SPBU,3115483150,63.19048355002363,107.579498,-6.929465100000005,3115483150,63.19048355002363
178,Pertamina,A_SPBU,2325453481,63.38514899889796,107.6625098,-6.939634800000005,2325453481,63.38514899889796
179,Istana Plaza,B_Mall,9751476048,63.74118026449512,107.5968964,-6.905837868999996,9751476048,63.74118026449512
180,RS Rajawali,E_RumahSakit,8299293293,65.00521019976851,107.57311232083906,-6.912637465603588,8299293293,65.00521019976851
181,Kantor Kelurahan Tamansari Bandung,C_Kantor,29392602,65.8298060662636,107.60756694733176,-6.904144583705103,29392602,65.8298060662636
182,Bank Mandiri KC Asia Afrika,C_Kantor,1849525939,65.94262134481527,107.613429,-6.921455184999995,1849525939,65.94262134481527
183,Surapati Core,B_Mall,5391571114,66.09668427792707,107.6525342,-6.901375993000006,5391571114,66.09668427792707
184,Kelurahan Pasanggrahan,C_Kantor,4848670777,66.1093646702573,107.70628684453128,-6.91708804649409,4848670777,66.1093646702573
185,Rumah Sakit Umum Daerah Kota Bandung,E_RumahSakit,2518040298,66.36026952487508,107.69874771590916,-6.915649413539831,2518040298,66.36026952487508
186,Kantor Kelurahan Gegerkalong,C_Kantor,11367208110,66.71384503070165,107.59528997375548,-6.874988907361825,11367208110,66.71384503335446
187,Pertamina,A_SPBU,6485352111,67.4860562856956,107.5748775,-6.926653800000008,6485352111,67.4860562856956
188,Hilton Bandung,D_Hotel,2628264119,67.84055431585853,107.5974812,-6.912618200000002,2628264119,67.84055431585853
189,Pertamina,A_SPBU,6639639833,67.96048115036267,107.6128779,-6.890118384999997,6639639833,67.96048115036267
190,Trans Luxury Hotel,D_Hotel,29489330,68.1915622566865,107.6362169,-6.927094900000005,29489330,68.1915622566865
191,Riau Junction,B_Mall,2520649169,68.68896956217392,107.6122551,-6.906598881999998,2520649169,68.68896956217392
192,Dinas Kelautan Dan Perikanan Provinsi Jawa Barat,C_Kantor,13736488296,69.08558697705418,107.60880044999983,-6.9117324499983575,13736488296,69.08558697705418
193,Rumah Sakit Santo Borromeus,E_RumahSakit,11104669202,70.51130608080756,107.61369710097011,-6.893949968180407,11104669202,70.51130608080756
194,Dinas Pemukiman dan Perumahan,C_Kantor,5406559550,70.75581841039607,107.66213243751778,-6.93384951054875,5406559550,70.75581841039607
195,Kosambi Plaza,B_Mall,5360155496,70.85962086329191,107.6220965,-6.919231277000006,5360155496,70.85962086329191
196,Rumah Sakit Mata Cicendo,E_RumahSakit,5353778477,72.36145612452248,107.6047536312682,-6.910043325629456,5353778477,72.36145612452248
197,Tenth Avenue,B_Mall,5447158320,73.51075385046076,107.6409996,-6.946185241000006,5447158320,73.51075385046076
198,Pertamina,A_SPBU,7284309270,73.55080206280302,107.7120823,-6.928971399999998,7284309270,73.55080206280302
199,Rumah Sakit Pendidikan Universitas Padjadjaran,E_RumahSakit,9756943384,73.67464395482222,107.5989520807479,-6.895583600986451,9756943384,73.67464395482222
200,Kecamatan Sukajadi,C_Kantor,29377838,74.0972471223486,107.5884977638187,-6.892584213098812,29377838,74.0972471223486
201,RS Hermina Pasteur,E_RumahSakit,29378982,74.53514266823926,107.58877053059489,-6.895940285107865,29378982,74.5351426685719
202,PT Kimia Farma,C_Kantor,13751874785,74.71162796353896,107.6040849,-6.908203520999992,13751874785,74.71162796350112
203,Badan Kepegawaian dan Pengembangan Sumber Daya Manusia Kota Bandung,C_Kantor,2439053859,75.07931164929366,107.6096047,-6.911481500000002,2439053859,75.07931164929366
204,Pertamina,A_SPBU,10866516960,76.20720900260432,107.5859941,-6.893604599999998,10866516960,76.20720900260432
205,PT Permodalan Nasional Madani,C_Kantor,7622389158,76.21041846194835,107.6468115,-6.906419218999993,7622389158,76.21041846194835
206,Rumah Sakit Kebon Jati,E_RumahSakit,13516108768,77.42862784268294,107.59635866326308,-6.915905495588692,13516108768,77.42862784268294
207,RS Jiwa Hurip Waluya,E_RumahSakit,6438591633,77.46838318361802,107.59484527271051,-6.884132099908916,6438591633,77.46838318361802
208,Rumah Sakit Advent,E_RumahSakit,2316803846,78.19703304103795,107.60356780348611,-6.892241227942428,2316803846,78.19703303974978
209,RS Santo Yusup,E_RumahSakit,5369662931,79.00484751109288,107.6428635696955,-6.906679910159652,5369662931,79.00484751110247
210,Inspektorat Provinsi Jawa Barat,C_Kantor,1660260878,79.1141893384959,107.61707991293405,-6.899799735166228,1660260878,79.1141893384959
211,Edelweiss Hospital,E_RumahSakit,5447157835,79.16685400372542,107.64942910000002,-6.9436699999999965,5447157835,79.16685400415665
212,Kantor Pusat Pos Cilaki,C_Kantor,25450538,79.43824060967573,107.6197911,-6.901977177999997,25450538,79.43824060967573
213,Dinas Penataan Ruang Kota Bandung,C_Kantor,1849960313,80.07720527070876,107.6336985,-6.916050099999998,1849960313,80.07720527070876
214,Rumah Mode,B_Mall,5318313305,80.45525963682817,107.5996624,-6.882677027000004,5318313305,80.45525963682817
215,Bandung Trade Center,B_Mall,5460927300,81.3029826528817,107.58489760000002,-6.893383906,5460927300,81.30298265255256
216,Pertamina,A_SPBU,11037191227,81.55387406564213,107.6037713,-6.888660148000008,11037191227,81.55387406564213
217,Dinas Tenaga Kerja dan Transmigrasi Jabar,C_Kantor,6431028519,84.16462032489274,107.6463505242005,-6.944805553739943,6431028519,84.16462032489274
218,Rumah Sakit Hermina,E_RumahSakit,4191863525,84.24603224116555,107.6667357,-6.90491395,4191863525,84.24603224130172
219,RSGM Unpad,E_RumahSakit,5465992453,84.26276211561142,107.6193435010396,-6.890503493476527,5465992453,84.26276211561142
220,Pertamina,A_SPBU,11106971273,84.41091141082488,107.7143131,-6.935944937000005,11106971273,84.41091141082488
221,Pertamina,A_SPBU,2477666621,84.85796343378507,107.5746074,-6.912928100000001,2477666621,84.85796343378507
222,KPP Pratama Bandung Karees,C_Kantor,8424210293,85.90655062669674,107.64126057865508,-6.938628404231288,8424210293,85.90655062669674
223,RSUD Bandung Kiwari,E_RumahSakit,3445649629,86.2157420896043,107.59184541004107,-6.943496488675375,3445649629,86.2157420896043
224,Pertamina,A_SPBU,3272722525,86.44130084729791,107.6939414,-6.937482128000001,3272722525,86.44130084729791
225,Kantor Kelurahan Isola,C_Kantor,13754482358,86.95096043419423,107.5932573,-6.864462699999989,13754482358,86.95096043419423
226,Padma Hotel Bandung,D_Hotel,4504614609,87.02003392285557,107.609027,-6.864633999999991,4504614609,87.02003392285557
227,PT Pertani,C_Kantor,5853120063,87.99463330540028,107.6190721,-6.923320121999992,5853120063,87.99463330540028
228,KPP Pratama Bandung Tegallega,C_Kantor,5348638966,89.23302864591469,107.5815264,-6.9408634999999945,5348638966,89.23302864591469
229,PT Kereta Api Indonesia,C_Kantor,12361073931,89.32382608517288,107.606199,-6.913704324000003,12361073931,89.32382608517288
230,Kantor Pusat Pos Banda,C_Kantor,1849525862,90.28307926284708,107.6174374,-6.906712259000005,1849525862,90.28307926284708
231,RS Paru dr Rotinsulu,E_RumahSakit,320092338,90.47625245965499,107.6064864,-6.8777866999999935,320092338,90.476252459655
232,Pertamina,A_SPBU,29358836,91.47597406573307,107.5969699,-6.875360383999994,29358836,91.47597406573308
233,Pertamina,A_SPBU,8123304882,91.48030763242201,107.6353308,-6.947872684999997,8123304882,91.480307632422
234,Rumah Sakit Al Islam,E_RumahSakit,1952203159,91.75882563586613,107.66890723411775,-6.939952725113214,1952203159,91.75882563732668
235,Pengadilan Negeri Bandung Kelas 1A Khusus,C_Kantor,6639564151,91.87547063163065,107.62197428303551,-6.906621193642185,6639564151,91.87547063163063
236,Miko Mall,B_Mall,11237562460,93.34029336736613,107.5811399,-6.960183723999997,11237562460,93.34029336736612
237,Pertamina,A_SPBU,2858054060,93.41602209946177,107.7105225,-6.926051538000006,2858054060,93.41602209946176
238,Grand Mercure Bandung Setiabudi,D_Hotel,305868949,97.19136140052521,107.5950633,-6.8545699,305868949,97.1913614005252
239,Mayapada Hospital,E_RumahSakit,3115195174,98.78363461785735,107.63501732599951,-6.948806032941287,3115195174,98.78363461925382
240,Rumah Sakit Gigi dan Mulut Maranatha,E_RumahSakit,1658426548,99.4410935140257,107.5812491,-6.886821000000001,1658426548,99.4410935140257
241,Gedung Sekretariat,C_Kantor,12806309253,99.54729655995615,107.6853422500201,-6.907830899986784,12806309253,99.54729655995386
242,Pertamina,A_SPBU,8424210299,100.00381678661137,107.6419023,-6.94091185,8424210299,100.00381678661137
243,PDAM Tirtawening Kota Bandung,C_Kantor,2011938272,101.36746465754179,107.6104377,-6.895845122000002,2011938272,101.3674646575418
244,Summarecon Mall Bandung,B_Mall,7216077665,105.45826415460256,107.6979936,-6.955164986000001,7216077665,105.45826415460256
245,Dinas Sejarah Angkatan Darat,C_Kantor,25433457,106.15111345426877,107.61596117404676,-6.914402992226622,25433457,106.15111345426877
246,SPP Pos Bandung,C_Kantor,5406429354,106.38803618341136,107.6508724,-6.943233913999995,5406429354,106.38803618341136
247,Rumah Sakit Immanuel,E_RumahSakit,13752319778,106.687401918382,107.59652773821132,-6.935667591797253,13752319778,106.6874019211734
248,PT Jasa Raharja,C_Kantor,5406559361,108.45522369209685,107.659093,-6.938674669999996,5406559361,108.45522369209684
249,Pertamina,A_SPBU,7712789381,108.60834370719853,107.6306979,-6.922424300000002,7712789381,108.60834370719851
250,Rumah Sakit Ginjal Nyonya Ra Habibie,E_RumahSakit,7211697102,108.86838451953376,107.6203433,-6.885340299999997,7211697102,108.86838451953376
251,Mall Festival Citylink,B_Mall,9596361930,113.35822949961121,107.5864033,-6.929639933999996,9596361930,113.3582294996112
252,Metro Indah Mall,B_Mall,3862534143,115.418280474185,107.658733,-6.942665013000007,3862534143,115.418280474185
253,Dinas Perhubungan Kota Bandung,C_Kantor,4054917266,116.2584374071641,107.69823451184116,-6.967580145641385,4054917266,116.2584374071641
254,Setrasari Mall,B_Mall,29356954,116.59991076615273,107.5829931,-6.880703899999995,29356954,116.59991076615272
255,Dinas Bina Marga Jawa Barat,C_Kantor,5358212335,116.86625036522764,107.61101427179078,-6.92126935273734,5358212335,116.86625036522764
256,Pullman Bandung Grand Central,D_Hotel,32524281,118.22647202488643,107.6175514,-6.900350599999999,1660289594,111.11128008851912
257,23 Paskal Shopping Center,B_Mall,5353968344,118.43133596666286,107.5942605,-6.915379762000009,5353968344,118.43133596666286
258,Living Plaza,B_Mall,2036066796,119.95977862093419,107.6116636,-6.900862748000006,2036066796,119.9597786209342
259,Perum Bulog,C_Kantor,1107827150,120.52767726460904,107.6626618,-6.938303085999994,1107827150,120.52767726460904
260,PT Angkasa Pura II,C_Kantor,11382649832,124.60371076405087,107.5792412,-6.903485214999999,11382649832,124.60371076405087
261,Kantor Kelurahan Kebun Jayanti,C_Kantor,9673286030,124.99893003727988,107.64560718523532,-6.925069002853763,9673286030,124.99893003727988
262,Paris Van Java,B_Mall,13049748546,125.04775213719915,107.5960108,-6.889273890999999,13049748546,125.04775213719915
263,PT Biofarma,C_Kantor,5353724829,125.9214404522385,107.6004437,-6.899251826000008,5353724829,125.9214404522385
264,Pertamina,A_SPBU,5406429315,126.62163974863554,107.65027100000002,-6.943129162000007,5406429315,126.62163974869593
265,King's Mall,B_Mall,1013431927,127.78419779835298,107.6050382,-6.922765515999998,1013431927,127.78419779835298
266,Rumah Sakit Umum Pindad Bandung,E_RumahSakit,1667742500,130.22665612417597,107.6467896,-6.9398939999999945,1667742500,130.22665612417595
267,RSUP Dr. Hasan Sadikin (RSHS),C_Kantor,7983673000,155.4139727450509,107.5983889,-6.897736847999995,7983673000,155.4139727450509
268,Cihampelas Walk (CiWalk),B_Mall,1013390378,163.4264953798375,107.6052621,-6.893960438999994,1013390378,163.4264953798375
269,Trans Studio Mall,B_Mall,5395278850,172.33131267949062,107.63667180000002,-6.925654688999995,5395278850,172.33131267967676
270,Stasiun Bandung (KAI),C_Kantor,25434241,180.14643614141582,107.60200860000002,-6.914553633000007,25434241,180.14643614157305
271,PT Dirgantara Indonesia (IPTN),C_Kantor,5346050187,451.9139032911474,107.5824981,-6.898085657999998,5346050187,451.9139032911474
