nama,klaster,nearest_node,dist_to_node_m,lon,lat
Pertamina,A_SPBU,29358830,26.295943310996144,107.6020333,-6.887683700000003
Pertamina,A_SPBU,11369618809,36.53964527268803,107.5858523,-6.907004799999999
Pertamina,A_SPBU,2493836067,33.149404233272975,107.6343231,-6.899731599999999
Pertamina,A_SPBU,29358935,34.532038925134714,107.5987095,-6.880604300000002
Pertamina,A_SPBU,5348142890,22.169700581911975,107.5840572,-6.918594399999997
Pertamina,A_SPBU,3277378563,29.777133780928732,107.6184175,-6.916540100000005
Pertamina,A_SPBU,5460962109,39.64680928088361,107.6814323,-6.9669124000000044
Pertamina,A_SPBU,3807746818,28.22197593150114,107.6208132,-6.868986400000007
Pertamina,A_SPBU,5458737558,37.98496530693472,107.5816606,-6.889067300000006
Pertamina,A_SPBU,3272299574,30.22453443562041,107.625816,-6.9492397
Pertamina,A_SPBU,1982778316,14.573802854096346,107.61174030000001,-6.954875700000006
Pertamina,A_SPBU,3357368464,34.24484815915165,107.6256199,-6.891057600000002
Pertamina,A_SPBU,4620173045,51.43543053988797,107.6734695,-6.904544400000008
Pertamina,A_SPBU,7284309270,73.55080206280302,107.7120823,-6.928971399999998
Pertamina,A_SPBU,2520649152,57.2238619033304,107.6185972,-6.9057832999999995
Pertamina,A_SPBU,5395278919,31.46907469128951,107.6440384,-6.922388900000001
Pertamina,A_SPBU,7205262601,35.32245189614386,107.6517728,-6.913621699999996
Pertamina,A_SPBU,3278023502,29.384387474520437,107.644464,-6.918377599999997
Pertamina,A_SPBU,5394983543,49.33365614447218,107.6589018,-6.913648299999998
Pertamina,A_SPBU,2477666621,84.85796343378507,107.5746074,-6.912928100000001
Pertamina,A_SPBU,2477162528,34.18399501152002,107.6419203,-6.8992840999999965
Pertamina,A_SPBU,6485352111,67.4860562856956,107.5748775,-6.9266538000000075
Pertamina,A_SPBU,9336898538,29.742287347086585,107.6951878,-6.913801600000001
Pertamina,A_SPBU,6411468691,25.798675735335717,107.6379847,-6.952285799999998
Pertamina,A_SPBU,5865112018,26.97251702262663,107.6650947,-6.904171499999996
Pertamina,A_SPBU,5348638966,164.26435589647215,107.5820851,-6.941363299999993
Pertamina,A_SPBU,1849960732,48.34259390395151,107.6370205,-6.9121984
Pertamina,A_SPBU,5648631891,37.44838034602262,107.5708193,-6.914150699999995
Pertamina,A_SPBU,3115483150,63.19048355002363,107.579498,-6.929465100000005
Pertamina,A_SPBU,7712789381,108.60834370719853,107.6306979,-6.922424300000002
Pertamina,A_SPBU,10866516960,76.20720900260432,107.5859941,-6.893604599999998
Pertamina,A_SPBU,13860271950,43.11276980019722,107.5776794,-6.929581600000003
Pertamina,A_SPBU,7284403247,59.78226534823974,107.7006288,-6.936224300000005
Pertamina,A_SPBU,11037191227,81.55387406564213,107.6037713,-6.888660148000008
Pertamina,A_SPBU,6443221336,22.899220936253997,107.6103198,-6.936348496000002
Pertamina,A_SPBU,3847863679,47.28022966178815,107.5629203,-6.891755093000002
Pertamina,A_SPBU,5465992888,34.38972176805933,107.6165886,-6.890806120999996
Pertamina,A_SPBU,3272722525,86.44130084729791,107.6939414,-6.937482128000001
Pertamina,A_SPBU,2325453481,63.38514899889796,107.6625098,-6.939634800000005
SPBU Pertamina,A_SPBU,11800741164,42.38519506942794,107.5970165,-6.898091153999993
Pertamina,A_SPBU,11107827260,38.829120826053675,107.6119467,-6.919876054999991
Pertamina,A_SPBU,3110236069,29.608922422196798,107.6168083,-6.938256755000007
Pertamina,A_SPBU,5360254236,44.29563965161989,107.6178229,-6.937694648000008
Pertamina,A_SPBU,3472154933,26.252684285558907,107.6387437,-6.960592204000004
Pertamina,A_SPBU,9763831989,30.979349838384596,107.5892089,-6.8950995499999985
Pertamina,A_SPBU,6637726062,36.98592148421428,107.6271612,-6.899144349999997
Pertamina,A_SPBU,5397823036,28.47713836016645,107.6423171,-6.94293914999999
Pertamina,A_SPBU,8424210299,100.00381678661137,107.6419023,-6.94091185
Pertamina,A_SPBU,6639639833,67.96048115036267,107.6128779,-6.890118384999997
Pertamina,A_SPBU,8418013648,42.27960314759224,107.62787120000002,-6.923452329000005
Pertamina,A_SPBU,2858054060,93.41602209946177,107.7105225,-6.926051538000006
Pertamina,A_SPBU,8123304882,91.48030763242201,107.6353308,-6.947872684999997
Pertamina,A_SPBU,11520711531,20.414726120242214,107.6070315,-6.904366663999994
Pertamina,A_SPBU,11041650667,16.39314855807309,107.6316811,-6.925706782000007
Pertamina,A_SPBU,10154700107,36.65008250214353,107.6339003,-6.913408788000005
Pertamina,A_SPBU,3272725789,58.31035581634349,107.6915056,-6.936788202999993
Pertamina,A_SPBU,5353648470,28.904748788013126,107.677419,-6.9402950499999925
Pertamina,A_SPBU,11106971273,84.41091141082488,107.7143131,-6.935944937000005
Pertamina,A_SPBU,29358836,91.47597406573307,107.5969699,-6.875360383999994
SPBU Pertamina,A_SPBU,5355891555,32.28767984121709,107.6037513,-6.930293622000002
Pertamina,A_SPBU,3380407826,61.614074177119456,107.6965992,-6.923894916999993
Pertamina,A_SPBU,5460792486,48.04250089244274,107.655379,-6.956250934000008
Pertamina,A_SPBU,5406429315,126.62163974869593,107.65027100000002,-6.943129162000007
Pertamina,A_SPBU,1658426557,29.557033896383075,107.5813635,-6.882700274999993
Pertamina,A_SPBU,9771195730,43.3814878669495,107.6411686,-6.918324431999994
Setrasari Mall,B_Mall,29356954,116.59991076615273,107.5829931,-6.880703899999995
Braga Citywalk,B_Mall,5358212387,25.620474808893956,107.6084817,-6.917048600000008
Ujungberung Town Square,B_Mall,9336898538,218.88089647776232,107.6964906,-6.915178799999993
Summarecon Mall Bandung,B_Mall,7216077665,105.45826415460256,107.6979936,-6.955164986000001
Istana Plaza,B_Mall,9751476048,63.74118026449512,107.5968964,-6.9058378689999955
Bandung Indah Plaza,B_Mall,5358106596,132.46426767356414,107.6112834,-6.9086205549999935
Cihampelas Walk (CiWalk),B_Mall,1013390378,163.4264953798375,107.6052621,-6.8939604389999944
Balubur Town Square,B_Mall,1658919945,49.18769092348324,107.6085199,-6.898757141999996
Trans Studio Mall,B_Mall,5395278850,172.33131267967676,107.63667180000002,-6.925654688999995
Kosambi Plaza,B_Mall,5360155496,70.85962086329191,107.62209650000001,-6.919231277000006
Plaza Parahyangan,B_Mall,7856163872,40.493241997282794,107.6060515,-6.922630413999992
King's Mall,B_Mall,1013431927,127.78419779835298,107.6050382,-6.922765515999998
Istana BEC,B_Mall,364365279,107.92558694431189,107.6089188,-6.908219336000006
23 Paskal Shopping Center,B_Mall,5353968344,118.43133596666286,107.5942605,-6.915379762000009
Surapati Core,B_Mall,5391571114,66.09668427792707,107.6525342,-6.901375993000006
Living Plaza,B_Mall,2036066796,119.95977862093419,107.6116636,-6.900862748000006
Rumah Mode,B_Mall,5318313305,80.45525963682817,107.5996624,-6.882677027000004
Mall Festival Citylink,B_Mall,9596361930,113.35822949961121,107.5864033,-6.929639933999996
Bandung Trade Center,B_Mall,5460927300,81.30298265255256,107.58489760000002,-6.893383906
Riau Junction,B_Mall,2520649169,68.68896956217392,107.61225510000001,-6.906598881999998
Miko Mall,B_Mall,11237562460,93.34029336736613,107.5811399,-6.960183723999997
Living Plaza,B_Mall,11138593909,49.89545357320765,107.5978357,-6.9060236549999985
Paris Van Java,B_Mall,13049748546,125.04775213719915,107.5960108,-6.889273890999999
Tenth Avenue,B_Mall,5447158320,73.51075385046076,107.6409996,-6.946185241000006
Metro Indah Mall,B_Mall,3862534143,115.418280474185,107.658733,-6.942665013000007
DINAS PERTANAHAN KOTA BANDUNG,C_Kantor,1781968754,36.890716323533,107.6573086,-6.940720700000006
Kantor Kelurahan Isola,C_Kantor,13754482358,86.95096043419423,107.5932573,-6.864462699999989
Dinas Pendidikan Kota Bandung,C_Kantor,5391666898,46.032264775557664,107.6289609,-6.915882700000004
Kantor Kelurahan Kebon Pisang,C_Kantor,12617768046,23.404623457065647,107.6188319,-6.918744499999993
Pengadilan Agama Bandung,C_Kantor,8410718959,35.20681641007,107.6565229,-6.912937700000003
KPP Pratama Bandung Tegallega,C_Kantor,5348638966,89.23302864591469,107.5815264,-6.9408634999999945
Dinas Penataan Ruang Kota Bandung,C_Kantor,1849960313,80.07720527070876,107.6336985,-6.916050099999998
KESBANGPOL (BADAN KESATUAN BANGSA DAN POITIK) JAWA BARAT,C_Kantor,2519917312,29.471465771516588,107.6324182,-6.909915399999999
Badan Kepegawaian dan Pengembangan Sumber Daya Manusia Kota Bandung,C_Kantor,2439053859,75.07931164929366,107.6096047,-6.911481500000002
Badan Pengawas Pemilu,C_Kantor,9684418896,31.259699323324973,107.635258,-6.9313309
Dinas Peternakan Jawa Barat,C_Kantor,3441810315,39.9721493152719,107.61856049694954,-6.876373462972376
Dinas Perpustakaan dan Kearsipan Daerah,C_Kantor,7693964469,58.09932584075444,107.66299167649566,-6.9344446901333985
Dinas Pemukiman dan Perumahan,C_Kantor,5406559550,70.75581841039607,107.66213243751778,-6.93384951054875
BPBD Prov Jabar Gedung A,C_Kantor,5406429295,80.43956379324295,107.64771207718202,-6.9424301343137556
BPBD Prov Jabar Gedung B,C_Kantor,5406429295,62.278995501967486,107.64770305207902,-6.941971926158342
Sekretariat Daerah Jawa Barat,C_Kantor,10173705729,51.994155092809784,107.61739144581456,-6.902610797691014
Inspektorat Provinsi Jawa Barat,C_Kantor,1660260878,79.1141893384959,107.61707991293405,-6.899799735166228
Dinas Tenaga Kerja dan Transmigrasi Jabar,C_Kantor,6431028519,84.16462032489274,107.6463505242005,-6.9448055537399425
Gedung Sekretariat,C_Kantor,12806309253,99.54729655995386,107.6853422500201,-6.907830899986784
Dinas Bina Marga Jawa Barat,C_Kantor,5358212335,116.86625036522764,107.61101427179078,-6.9212693527373395
Dinas Pengelolaan Sumber Daya Air Provinsi Jawa Barat,C_Kantor,1664397987,60.26915904119257,107.60849984911202,-6.9141646369841805
Dinas Pendidikan Provinsi Jawa Barat,C_Kantor,4504608692,52.86231186261779,107.59992425023508,-6.904420392290202
Dinas Kesehatan Jawa Barat,C_Kantor,7111571825,43.92534267350913,107.6007320361924,-6.900573844732723
Kantor Kelurahan Tamansari Bandung,C_Kantor,29392602,65.8298060662636,107.60756694733176,-6.9041445837051025
Dinas Komunikasi Dan Informatika Provinsi Jawa Barat,C_Kantor,12805986402,61.67539494183729,107.60924270000656,-6.896431900004211
Kejaksaan Tinggi Jawa Barat,C_Kantor,2520649152,44.37883576406943,107.61942808630558,-6.906173120276974
Pengadilan Negeri Bandung Kelas 1A Khusus,C_Kantor,6639564151,91.87547063163065,107.62197428303551,-6.906621193642185
Kantor Kecamatan Sumur Bandung,C_Kantor,1857128509,32.2686418166962,107.61800329999761,-6.913336150004002
Dinas Pariwisata Dan Kebudayaan Provinsi Jawa Barat,C_Kantor,5865246383,27.750370548056814,107.62933706756196,-6.9133498943447425
Kantor Kelurahan Samoja,C_Kantor,1667722604,16.320548058407635,107.6264144630201,-6.9209236732221555
Dinas Kelautan Dan Perikanan Provinsi Jawa Barat,C_Kantor,13736488296,69.08558697705418,107.60880044999983,-6.9117324499983575
Kantor Kecamatan Lengkong,C_Kantor,2607816746,46.33382698438489,107.622761834704,-6.92834112005956
Dinas Perkebunan Jawa Barat,C_Kantor,32524370,46.1003121703128,107.62180368027501,-6.898844264388947
Dinas Perindustrian dan Perdagangan Provinsi Jawa Barat,C_Kantor,1849525946,50.97765986053769,107.6144820261274,-6.922230643757093
Kantor Kelurahan Ciumbuleuit,C_Kantor,3029500133,22.17858906221037,107.60476497440354,-6.866450692077782
Kantor Kelurahan Ledeng,C_Kantor,1712437451,25.18912363243563,107.59939943617816,-6.863010077784493
Kantor Kelurahan Sarijadi,C_Kantor,29357435,19.333662820724967,107.58063320000065,-6.87155870000085
"Balai Besar Logam dan Mesin, Metal Industries Development Center - MIDC, Kementerian Perindustrian",C_Kantor,8418368556,31.2161545312465,107.60988470000534,-6.88042595000861
Dinas Tanaman Pangan dan Hortikultura Jawa Barat,C_Kantor,9750802207,55.6294609774259,107.62284012554063,-6.898885751918467
Kantor Kecamatan Rancasari,C_Kantor,9662001149,33.386167143129875,107.67499878464136,-6.948008786203475
Kantor Kecamatan Bojongloa Kaler,C_Kantor,5355737900,30.95590388178768,107.59366238538227,-6.938753681637051
Kantor Kecamatan Coblong,C_Kantor,1709858093,19.628340576974466,107.6110980582702,-6.883288522276818
Dinas Kesehatan Kota Bandung,C_Kantor,10173705736,53.4961867813213,107.62584346538112,-6.901489193945583
Kantor Kelurahan Babakan,C_Kantor,12342798717,16.011895510495094,107.5783130346652,-6.92822290160816
Kantor Kelurahan Warung Muncang,C_Kantor,13752433380,30.153261952305108,107.5770452532136,-6.925115002097339
Kantor Kelurahan Karasak,C_Kantor,5353902675,22.2869067216235,107.60763373347936,-6.950679516886582
Kantor Kelurahan Pelindung Hewan,C_Kantor,1014721714,21.789967311363654,107.60450601593053,-6.939533946040091
Kantor Kelurahan Turangga,C_Kantor,3068325990,35.391295028626566,107.63126505891852,-6.939518698310659
Kantor Kelurahan Cijagra,C_Kantor,3115110108,20.834505078635804,107.62625895276898,-6.9449054323574
Kecamatan Bojongloa Kidul,C_Kantor,3110065033,32.15126706492637,107.59734092802984,-6.941213432125894
Kantor Kelurahan Babakan Asih,C_Kantor,12443028896,17.448692453416058,107.59445007249629,-6.934587655721766
Kelurahan Batununggal,C_Kantor,3115195444,35.93948135937325,107.63797848826316,-6.952950464895392
Kantor Kelurahan Binong,C_Kantor,1667742891,35.91227074869061,107.64016606065988,-6.943083410461749
Kantor Kelurahan Sukahaji,C_Kantor,5348511619,13.160529482992729,107.58235530299788,-6.933527058129889
Kantor Kelurahan Cibuntu,C_Kantor,5495699609,19.83520416803774,107.57310905527882,-6.918003183084254
Kantor Kelurahan Maleber,C_Kantor,5504550147,27.24529891465051,107.5735059712468,-6.907446184766596
Dinas Perumahan dan Kawasan Permukiman Kota Bandung,C_Kantor,8763398208,38.01199507802137,107.58293586428564,-6.945781149450977
Kantor Kelurahan Kebon Gedang,C_Kantor,1667730842,13.854660358739194,107.64252926801409,-6.924394866974056
Kantor Kelurahan Maleer,C_Kantor,1438388885,20.38626230486424,107.63978282188346,-6.926929237151722
Kantor Wilayah Kementerian Hukum Dan HAM Jawa Barat,C_Kantor,5332863127,51.02417988647425,107.63823557994392,-6.914153781433017
Kantor Kelurahan Kebun Jayanti,C_Kantor,9673286030,124.99893003727988,107.64560718523532,-6.925069002853763
Kantor Kelurahan Sukapura Bandung,C_Kantor,1667532271,52.65845198053002,107.6497992079158,-6.929289499601149
Kantor Kelurahan Cipaganti,C_Kantor,5463301993,41.421783295136954,107.60301645001732,-6.886872800032541
Kantor Kelurahan Gegerkalong,C_Kantor,11367208110,66.71384503335446,107.59528997375547,-6.874988907361825
Kantor Kelurahan Pasteur,C_Kantor,10174541821,15.784850395332295,107.60190471181784,-6.891251631798032
Kantor Kecamatan Cibeunying Kaler,C_Kantor,9751023796,22.993696722584147,107.62645364698392,-6.885829995645017
Bappeda Provinsi Jawa Barat,C_Kantor,5463827264,52.29106391249893,107.6163212695495,-6.878223992439956
KPP Pratama Bandung Karees,C_Kantor,8424210293,85.90655062669674,107.64126057865508,-6.938628404231288
Kantor Kelurahan Dago,C_Kantor,5463827263,48.32577748105863,107.61596464571782,-6.879407320485664
Kantor Kelurahan Cigadung,C_Kantor,6956529093,9.868495632884429,107.6252502117726,-6.8798411776607065
Kecamatan Sukajadi,C_Kantor,29377838,74.0972471223486,107.5884977638187,-6.892584213098812
Kantor Kecamatan Bandung Wetan,C_Kantor,9767043233,48.386197005234806,107.6093903627539,-6.897220425430707
Dinas Perhubungan Provinsi Jawa Barat,C_Kantor,5392237758,40.23672456815336,107.63219438098884,-6.917824639595896
Dinas Perhubungan Kota Bandung,C_Kantor,4054917266,116.2584374071641,107.69823451184116,-6.967580145641385
Badan Pengelola Keuangan dan Aset Daerah,C_Kantor,5406559531,40.31334465419364,107.66148030029316,-6.9336307095302825
Dinas Kependudukan Dan Pencatatan Sipil Kota Bandung,C_Kantor,7669230599,39.704840299946724,107.61384809998364,-6.908598000004534
Kantor Kelurahan Lebak Siliwangi,C_Kantor,29359106,35.53556979101036,107.61108884923154,-6.8849254329526435
Kantor Kelurahan Panyileukan,C_Kantor,3934441491,26.746201590071507,107.71451453556784,-6.945782431878561
Dinas Pemuda dan Olahraga Jawa Barat,C_Kantor,5346041425,35.79935011674928,107.67443716585466,-6.909869335322367
Dinas Sejarah Angkatan Darat,C_Kantor,25433457,106.15111345426877,107.61596117404676,-6.914402992226622
Kantor Kelurahan Balonggede,C_Kantor,1783568652,14.030047229802689,107.60809282582404,-6.9239237952300545
Kelurahan Pasanggrahan,C_Kantor,4848670777,66.1093646702573,107.70628684453128,-6.91708804649409
Dinas Koperasi UKM Kota Bandung,C_Kantor,3675493857,26.79371972162492,107.66362439511308,-6.937945575023297
Badan Kesehatan Olahraga Masyarakat Bandung,C_Kantor,5406559255,59.77378918379864,107.66000773276868,-6.936763750825282
Kantor Kecamatan Bandung Kidul,C_Kantor,8775982573,40.329819565413025,107.63650812814909,-6.958964956683559
Kecamatan Sukasari,C_Kantor,8414582513,25.679476503156685,107.58257080000249,-6.86896710001661
Kelurahan Sukasari,C_Kantor,5458127250,28.245949419345482,107.58261499399093,-6.86829584790562
Pengadilan Tinggi Jawa Barat,C_Kantor,3271908170,31.636968404265453,107.6492573,-6.903114599999994
Pengadilan Tinggi Negeri Bandung,C_Kantor,5332863125,51.55708034145294,107.64078422932766,-6.914405931688927
PT PLN UID Jawa Barat,C_Kantor,25435365,61.14171539205423,107.6084149,-6.920844284000008
PT Asuransi Jiwasraya Kanwil Bandung,C_Kantor,3256092261,57.21079460028044,107.6068573,-6.9207572330000025
PT Bank Rakyat Indonesia (BRI),C_Kantor,5852700917,36.60072368753901,107.6073717,-6.920887843000002
Bank Mandiri KC Asia Afrika,C_Kantor,1849525939,65.94262134481527,107.613429,-6.921455184999995
PT Biofarma,C_Kantor,5353724829,125.9214404522385,107.6004437,-6.8992518260000075
RSUP Dr. Hasan Sadikin (RSHS),C_Kantor,7983673000,155.4139727450509,107.5983889,-6.897736847999995
Stasiun Bandung (KAI),C_Kantor,25434241,180.14643614157305,107.60200860000002,-6.914553633000007
Perum DAMRI,C_Kantor,1014722882,20.412656290785595,107.602854,-6.912466075999994
PT Jasa Raharja,C_Kantor,5406559361,108.45522369209685,107.659093,-6.938674669999996
Perum Bulog,C_Kantor,1107827150,120.52767726460904,107.6626618,-6.938303085999994
Perum Perhutani,C_Kantor,7284403247,88.24820078880765,107.7008857,-6.937061379000006
PD Kebersihan,C_Kantor,11364589669,60.43845631695107,107.6334687,-6.898277071999993
Perum Pembangunan Perumahan Nasional (Perumnas),C_Kantor,1382551353,18.056954387143023,107.631878,-6.8977325950000035
PDAM Tirtawening Kota Bandung,C_Kantor,2011938272,101.36746465754179,107.6104377,-6.895845122000002
PT ASABRI,C_Kantor,25450505,10.483988384456286,107.6218761,-6.905138524000004
PT Adhi Karya,C_Kantor,1855697095,56.645469578214545,107.6247716,-6.904185618999994
PT Angkasa Pura II,C_Kantor,11382649832,124.60371076405087,107.5792412,-6.903485214999999
PT Asuransi Jasa Indonesia (Jasindo),C_Kantor,364365279,34.19767450402814,107.6087831,-6.909341323999994
PT Bank Negara Indonesia (BNI),C_Kantor,2325452068,61.460925740129994,107.6074935,-6.913662695000004
PT Bank Tabungan Negara (BTN),C_Kantor,1849525810,41.84355584295395,107.6136089,-6.913641054000005
PT Barata Indonesia,C_Kantor,5474691885,29.6725697760432,107.6433954,-6.895405582999994
PT Dirgantara Indonesia (IPTN),C_Kantor,5346050187,451.9139032911474,107.58249810000001,-6.898085657999998
PT INTI,C_Kantor,10174374459,27.64057464641822,107.6072515,-6.937859737999998
PT Jasa Marga,C_Kantor,6425732201,42.592158944124584,107.5735702,-6.883841984000005
PT Kereta Api Indonesia,C_Kantor,12361073931,89.32382608517288,107.606199,-6.913704324000003
PT Kimia Farma,C_Kantor,13751874785,74.71162796350112,107.6040849,-6.908203520999992
PT Len Industri,C_Kantor,5348770388,35.805183949377444,107.61944,-6.949371442999997
PT PPRO BIJB Aerocity Development,C_Kantor,13752166046,32.2014016663127,107.6395416,-6.946160091999997
PT Permodalan Nasional Madani,C_Kantor,7622389158,76.21041846194835,107.6468115,-6.906419218999993
PT Pertamina Bandung,C_Kantor,9340090484,13.719956062566782,107.6944991,-6.9367126230000045
PT Pertani,C_Kantor,5853120063,87.99463330540028,107.6190721,-6.923320121999992
PT Perusahaan Gas Negara Rayon Bandung,C_Kantor,5332863044,50.391558797269894,107.64015790000002,-6.919019331000001
PT Pindad,C_Kantor,7178742990,40.02598433142666,107.64717310000002,-6.936094087000007
PT Sarinah,C_Kantor,25435344,26.253372990602305,107.6092284,-6.9197399969999935
PT Sucofindo,C_Kantor,5348638990,57.002671118997945,107.5851824,-6.943031091000001
PT Waskita Karya,C_Kantor,3277357457,62.70281812879493,107.6139913,-6.921399727000005
Perum Pegadaian,C_Kantor,5853175160,35.19782518449995,107.6092465,-6.928001483999996
Kantor Pos Bandung (Asia Afrika),C_Kantor,3256092261,51.897622236073495,107.6062198,-6.920675732000008
Kantor Pusat Pos Cilaki,C_Kantor,25450538,79.43824060967573,107.6197911,-6.901977177999997
Kantor Pusat Pos Banda,C_Kantor,1849525862,90.28307926284708,107.61743740000001,-6.906712259000005
SPP Pos Bandung,C_Kantor,5406429354,106.38803618341136,107.6508724,-6.943233913999995
Pos Logistik Bandung,C_Kantor,2520649249,41.697544403823784,107.6348515,-6.914849439999999
Pos LE Imigrasi Bandung,C_Kantor,9602185396,41.9908647314904,107.63159400000002,-6.899006999999996
Pos Bandung Babakan Ciparay,C_Kantor,1911634982,29.17487505365089,107.578454,-6.926632999999996
Pos Bandung Sumbersari Indah,C_Kantor,3445438920,11.657222936799442,107.573047,-6.934057999999996
Pos Bandung Turangga,C_Kantor,5397823119,36.221525875421385,107.637254,-6.9351639999999986
Pos Bandung Ciwastra,C_Kantor,5458662121,27.42248917066558,107.657319,-6.9578740000000066
Pos Bandung Antapani,C_Kantor,4155817862,17.741396961811063,107.656957,-6.9158409999999915
Pos Ujungberung,C_Kantor,5354200760,48.501666300684114,107.694531,-6.9131029999999996
Pos Ujungberung Alun-Alun,C_Kantor,634440496,28.855543969768046,107.701846,-6.913186000000006
Pos Ujungberung Arcamanik,C_Kantor,3272718018,43.8040577581344,107.676936,-6.938249999999994
Trans Luxury Hotel,D_Hotel,29489330,68.1915622566865,107.63621690000001,-6.927094900000005
Aryaduta Bandung,D_Hotel,5358106596,49.9726197674836,107.61183,-6.909371300000004
Grand Mercure Bandung Setiabudi,D_Hotel,305868949,97.19136140052521,107.5950633,-6.8545698999999995
Sheraton Bandung Hotel & Towers,D_Hotel,1662376943,41.760755218123236,107.6195436,-6.874398799999999
GH Universal Hotel,D_Hotel,305868946,16.679737174745927,107.5984922,-6.849308500000004
voco Bandung Setiabudi,D_Hotel,1676078410,36.12753913706586,107.593327,-6.867029999999991
Hilton Bandung,D_Hotel,2628264119,67.84055431585853,107.5974812,-6.912618200000002
Pullman Bandung Grand Central,D_Hotel,1660289594,111.11128008851911,107.6175514,-6.900350599999999
Padma Hotel Bandung,D_Hotel,4504614609,87.02003392285557,107.609027,-6.864633999999991
Prama Grand Preanger,D_Hotel,3374033502,59.00818818422501,107.611654,-6.921343100000005
RSAU Dr Salamun,E_RumahSakit,319706490,50.889451738910495,107.6048127,-6.8643150999999945
RS Paru dr Rotinsulu,E_RumahSakit,320092338,90.47625245965499,107.6064864,-6.8777866999999935
Rumah Sakit Ginjal Nyonya Ra Habibie,E_RumahSakit,7211697102,108.86838451953376,107.6203433,-6.885340299999997
Rumah Sakit Jiwa Hurip Waluya,E_RumahSakit,29356970,36.11849255756389,107.5941316,-6.883594599999997
Rumah Sakit Sukapura,E_RumahSakit,7648662947,60.69382304419465,107.6567933,-6.9361248000000035
Rumah Sakit Gigi dan Mulut Maranatha,E_RumahSakit,1658426548,99.4410935140257,107.5812491,-6.886821000000001
Rumah Sakit Kartini Bandung,E_RumahSakit,5474692069,47.1472417130055,107.6345985,-6.897237399999999
Rumah Sakit Rizky Bersalin,E_RumahSakit,5465992636,31.38953568722047,107.6196519,-6.8886552000000085
Rumah Sakit Umum Pindad Bandung,E_RumahSakit,1667742500,130.22665612417597,107.6467896,-6.9398939999999945
Edelweiss Hospital,E_RumahSakit,5447157835,79.16685400415665,107.64942910000002,-6.9436699999999965
RSGM Unpad,E_RumahSakit,5465992453,84.26276211561142,107.6193435010396,-6.890503493476527
Rumah Sakit Advent,E_RumahSakit,2316803846,78.19703303974978,107.60356780348613,-6.892241227942428
RS Hermina Pasteur,E_RumahSakit,29378982,74.5351426685719,107.58877053059487,-6.895940285107865
Rumah Sakit Pendidikan Universitas Padjadjaran,E_RumahSakit,9756943384,73.67464395482222,107.5989520807479,-6.895583600986451
Rumah Sakit Al Islam,E_RumahSakit,1952203159,91.75882563732667,107.66890723411777,-6.939952725113214
Rumah Sakit Santo Borromeus,E_RumahSakit,11104669202,70.51130608080756,107.61369710097011,-6.893949968180407
Rumah Sakit Humana Prima,E_RumahSakit,5406559043,56.159049734844345,107.66423657898436,-6.940879573410929
RSIA Harapan Bunda,E_RumahSakit,2255721306,20.774648938299823,107.66211015008481,-6.955948268763473
RS Jiwa Hurip Waluya,E_RumahSakit,6438591633,77.46838318361802,107.59484527271051,-6.884132099908916
RS Ibu & Anak Al-Islam,E_RumahSakit,1849960436,19.4000096260078,107.63883591642585,-6.909233000409598
Rumah Sakit Hermina,E_RumahSakit,4191863525,84.24603224130172,107.66673569999999,-6.90491395
Rumah Sakit Sariningsih,E_RumahSakit,12836407572,58.74380371733868,107.61113185313704,-6.9065803979286695
Rumah Sakit Umum Daerah Kota Bandung,E_RumahSakit,2518040298,66.36026952487508,107.69874771590916,-6.915649413539831
Rumah Sakit Santosa,E_RumahSakit,25434241,183.8797587185712,107.60069553931562,-6.915464193183582
Rumah Sakit Immanuel,E_RumahSakit,13752319778,106.6874019211734,107.59652773821131,-6.935667591797253
RS Muhammadiyah Bandung,E_RumahSakit,1778148701,34.222949810775646,107.62344456409183,-6.933342907445049
RS Rajawali,E_RumahSakit,8299293293,65.00521019976851,107.57311232083906,-6.912637465603588
RS Bhayangkara TK. II Sartika Asih Bandung,E_RumahSakit,5490552899,56.463861750515484,107.61267764643821,-6.956689817569175
Rumah Sakit Mata Cicendo,E_RumahSakit,5353778477,72.36145612452248,107.6047536312682,-6.910043325629456
Santosa Hospital,E_RumahSakit,13048394328,55.75925008046191,107.58643068299612,-6.952701144179641
RS Santo Yusup,E_RumahSakit,5369662931,79.00484751110247,107.6428635696955,-6.906679910159652
RS Melinda 2,E_RumahSakit,2012498693,61.92837014332031,107.5982906100896,-6.90618725600251
RSIA Graha Bunda,E_RumahSakit,5392239472,27.831967150141683,107.64551635877567,-6.913087944262211
Mayapada Hospital,E_RumahSakit,3115195174,98.78363461925382,107.63501732599953,-6.948806032941287
RSUD Bandung Kiwari,E_RumahSakit,3445649629,86.2157420896043,107.59184541004107,-6.943496488675375
Rumah Sakit Murni Teguh,E_RumahSakit,9664654207,40.50123832973445,107.6160414208373,-6.9204665263019045
RS Melinda 1,E_RumahSakit,5850766216,44.373954780202155,107.6032916861875,-6.9067189217061635
Rumah Sakit Kebon Jati,E_RumahSakit,13516108768,77.42862784268294,107.59635866326308,-6.915905495588692
Rumah Sakit Bungsu,E_RumahSakit,1849526016,56.98320146007483,107.61329043279352,-6.918613280327423
Rumah Sakit Ibu Anak Limijati,E_RumahSakit,2520649160,46.364414668437824,107.61362119849234,-6.90616144103778
RSGM Kota Bandung,E_RumahSakit,2520649160,68.18679873783528,107.61407439426165,-6.906090455759876
RSKB Halmahera Siaga,E_RumahSakit,2520649156,52.58452423286319,107.61570679862949,-6.906701246299
